outfield1,outfield2,outfield3,outfield4,outfield5
Prod2pord 22,refer21,refer32refer33,2230.57534,1000.258
Prod1pord 12,refer11,refer32refer33,1230.31734,1000.258
Prod4pord 42,refer31,refer32refer33,21235.47734,1000.258
Prod3pord 32,refer11,refer12refer13,303.44052000000005,213.24
